year,month,day
2014,07,01
2014,07,02
2014,07,03
2014,07,04
2014,07,05
2014,07,21
2014,07,22
2014,07,23
2014,08,23
2014,08,24
2014,08,25
2014,08,26
2014,08,27
2014,08,28
2014,08,29
2014,09,11
2014,09,12
2014,09,13
2014,09,14
2014,09,15
2014,09,16
2014,09,17
2014,09,18
2014,09,19
2014,10,11
2014,10,12
2014,10,13
2014,10,14
2014,10,15
2014,10,16
2014,10,17
2014,10,18
2014,10,19
2014,10,22
2014,10,27
2014,10,28
2015,05,09
2015,05,10
2015,05,11
2015,06,16
2015,06,17
2015,06,18
2015,07,13
2015,07,14
2015,08,18
2015,08,19
2015,08,20
2015,08,21
2015,08,22
2015,08,23
2015,08,24
2015,08,25
2015,08,26
2015,08,27
2015,08,28
2015,08,30
2015,08,31
2015,09,01
2015,09,02
2015,09,03
2015,09,04
2015,09,05
2015,09,06
2015,09,08
2015,09,09
2015,09,10
2015,09,11
2015,09,16
2015,09,17
2015,09,18
2015,09,19
2015,09,20
2015,09,21
2015,09,22
2015,09,23
2015,09,24
2015,09,25
2015,09,26
2015,09,27
2015,09,28
2015,09,29
2015,09,30
2015,10,01
2015,10,02
2015,10,03
2015,10,04
2015,10,05
2015,10,06
2015,10,07
2015,11,08
2015,11,09
2015,11,10
2015,11,11
